dataset,seed,mae,medae,mre,medre,r2,rmse,top_models,ensemble_weights,fail_tuned,overlap_rate,overlap_source_scale
0028,0,78.76393127441406,81.8397216796875,0.4315571545810513,0.0746914180848657,0.9790387538882176,85.65580199988939,"HYPER_TL_ENS(n=5,lam_ens=False)",1.0,False,0.0,1.0
0028,1,241.15706787109372,59.233154296875,0.1292704291372501,0.0951073929554777,0.6982501200948377,399.7218223073729,"HYPER_TL_ENS(n=5,lam_ens=False)",1.0,False,0.0,1.0
0028,2,38.14902954101562,35.51904296875,0.0832864639680961,0.0546398227062289,0.9773129333038352,43.35342425941768,"HYPER_TL_ENS(n=5,lam_ens=False)",1.0,False,0.0,1.0
0028,3,99.0998046875,68.671630859375,0.1952079156212822,0.0996862526907499,0.9743305220075568,113.3859182889641,"HYPER_TL_ENS(n=5,lam_ens=False)",1.0,False,0.0,1.0
0028,4,171.35645751953126,41.71331787109375,0.1030832167493762,0.0702244408604271,0.7995456611684213,312.82374774990694,"HYPER_TL_ENS(n=5,lam_ens=False)",1.0,False,0.0,1.0
0028,5,92.62711181640626,71.210205078125,0.1485121072444702,0.1098652742197252,0.9225981962733854,119.38042648614464,"HYPER_TL_ENS(n=5,lam_ens=False)",1.0,False,0.0,1.0
0028,6,113.38439331054688,89.16891479492188,0.2701080552839545,0.1418180920046354,0.9233422923153632,136.48653909112346,"HYPER_TL_ENS(n=5,lam_ens=False)",1.0,False,0.0,1.0
0028,7,57.34122314453125,51.1834716796875,0.0850295442955646,0.0849287860131286,0.9806814539583792,68.13571721728898,"HYPER_TL_ENS(n=5,lam_ens=False)",1.0,False,0.0,1.0
0028,8,173.89063568115233,49.8680419921875,0.2753909597656811,0.0542165298117143,-0.0067396021924346,246.9715697407416,"HYPER_TL_ENS(n=5,lam_ens=False)",1.0,False,0.0,1.0
0028,9,129.38551025390626,127.16204833984376,0.2319216540463608,0.1814526819061779,0.8897691916245849,159.64535675952905,"HYPER_TL_ENS(n=5,lam_ens=False)",1.0,False,0.0,1.0
0028,10,74.11322631835938,33.81011962890625,0.109160303948798,0.0607942581694633,0.928973246154074,120.68314278872326,"HYPER_TL_ENS(n=5,lam_ens=False)",1.0,False,0.0,1.0
0028,11,130.61697692871093,97.48187255859376,0.5005280856392357,0.1127479473874961,0.920970128359056,156.57896969431974,"HYPER_TL_ENS(n=5,lam_ens=False)",1.0,False,0.0,1.0
0028,12,55.62744140625,54.06732177734375,0.0690376639633569,0.0569609403272647,0.964872216182914,65.64833958283803,"HYPER_TL_ENS(n=5,lam_ens=False)",1.0,False,0.0,1.0
0028,13,70.60474853515625,42.2796630859375,0.1790901290857711,0.0688818245793093,0.9593648877672774,89.07909986691959,"HYPER_TL_ENS(n=5,lam_ens=False)",1.0,False,0.0,1.0
0028,14,139.62462158203124,162.4521484375,0.1886982670363313,0.1717125499560498,0.8269548657334425,153.28652115309646,"HYPER_TL_ENS(n=5,lam_ens=False)",1.0,False,0.0,1.0
0028,15,74.70198364257813,26.75543212890625,0.0888477856463474,0.0481091657211891,0.9710857527405786,114.86094761781142,"HYPER_TL_ENS(n=5,lam_ens=False)",1.0,False,0.0,1.0
0028,16,96.94526977539064,92.50234985351562,0.1693927339209956,0.1335296951332537,0.945449744161912,103.41199241038132,"HYPER_TL_ENS(n=5,lam_ens=False)",1.0,False,0.0,1.0
0028,17,240.72310791015624,35.34161376953125,0.169235058795452,0.1106985300021641,0.6228300100902215,393.0636136877272,"HYPER_TL_ENS(n=5,lam_ens=False)",1.0,False,0.0,1.0
0028,18,111.8776512145996,29.2960205078125,0.2199994233920207,0.0242195941626249,0.7218010543221162,209.34203057648492,"HYPER_TL_ENS(n=5,lam_ens=False)",1.0,False,0.0,1.0
0028,19,222.79185485839844,114.95458984375,0.3403182005925354,0.2243454027450572,0.8105926594589088,378.2794615991711,"HYPER_TL_ENS(n=5,lam_ens=False)",1.0,False,0.0,1.0
0028,20,72.1556396484375,56.40277099609375,0.1460939777756121,0.1163974523055579,0.9712933316180954,84.07967990220996,"HYPER_TL_ENS(n=5,lam_ens=False)",1.0,False,0.0,1.0
0028,21,96.55447998046876,85.80462646484375,0.2476495064070378,0.1036245933558217,0.9544777794558874,116.09080731471025,"HYPER_TL_ENS(n=5,lam_ens=False)",1.0,False,0.0,1.0
0028,22,266.6382659912109,98.81895446777344,0.6320504007400538,0.3177701610910934,0.797707865522042,429.3002327826046,"HYPER_TL_ENS(n=5,lam_ens=False)",1.0,False,0.0,1.0
0028,23,85.82130126953125,74.65625,0.1069471365523426,0.121629604895302,0.9267256052666116,108.01068500754128,"HYPER_TL_ENS(n=5,lam_ens=False)",1.0,False,0.0,1.0
0028,24,40.77756958007812,37.3533935546875,0.0832893101352934,0.0360693264149153,0.9878222515479724,48.11710216903034,"HYPER_TL_ENS(n=5,lam_ens=False)",1.0,False,0.0,1.0
0028,25,134.42353515625,116.113037109375,0.2822458288137016,0.1954764934501262,0.7960873063142839,156.87458034871497,"HYPER_TL_ENS(n=5,lam_ens=False)",1.0,False,0.0,1.0
0028,26,96.98311767578124,77.005859375,0.257854055815175,0.1134775349533282,0.8695608368319867,124.00723615566324,"HYPER_TL_ENS(n=5,lam_ens=False)",1.0,False,0.0,1.0
0028,27,98.28040161132812,107.75094604492188,0.1689040610356977,0.0645155512861853,0.9479266618296036,128.79396151612522,"HYPER_TL_ENS(n=5,lam_ens=False)",1.0,False,0.0,1.0
0028,28,74.36729736328125,43.699310302734375,0.1151524172819328,0.0656812263257575,0.9761791458480924,104.29728391945967,"HYPER_TL_ENS(n=5,lam_ens=False)",1.0,False,0.0,1.0
0028,29,93.1323028564453,64.2999267578125,0.0776238052442642,0.0499046694017364,0.9645887416258138,121.0708898442454,"HYPER_TL_ENS(n=5,lam_ens=False)",1.0,False,0.0,1.0
0032,0,142.16817220052084,118.656005859375,0.1152971034613563,0.1121563188633155,0.9381461661555934,185.7350342488624,"HYPER_TL_ENS(n=5,lam_ens=False)",1.0,False,0.0,1.0
0032,1,399.9316253662109,218.45941162109372,0.3182117804328015,0.1630977582063663,0.5635099293190842,593.9349045772326,"HYPER_TL_ENS(n=5,lam_ens=False)",1.0,False,0.0,1.0
0032,2,189.86944580078125,118.5091552734375,0.1517358925928175,0.1425894781723867,0.9058324446057834,282.9381845451751,"HYPER_TL_ENS(n=5,lam_ens=False)",1.0,False,0.0,1.0
0032,3,115.35204569498698,127.9527587890625,0.1529400883605815,0.0558964094612761,0.9729399141264944,128.59577344637128,"HYPER_TL_ENS(n=5,lam_ens=False)",1.0,False,0.0,1.0
0032,4,123.12181599934895,94.86587524414062,0.0828945022059342,0.0946210368550042,0.9500991828530448,153.45286718804832,"HYPER_TL_ENS(n=5,lam_ens=False)",1.0,False,0.0,1.0
0032,5,304.0419311523437,323.9302978515625,0.1742178849221489,0.1446340396797175,0.7247460051177534,349.6106234735506,"HYPER_TL_ENS(n=5,lam_ens=False)",1.0,False,0.0,1.0
0032,6,183.95901489257807,89.13247680664062,0.2129046258358473,0.049939986881478,0.8812108246312335,304.1106175975509,"HYPER_TL_ENS(n=5,lam_ens=False)",1.0,False,0.0,1.0
0032,7,107.05967203776042,54.98648071289063,0.0908086058377357,0.05400727200847,0.9650798304157068,149.23432537681282,"HYPER_TL_ENS(n=5,lam_ens=False)",1.0,False,0.0,1.0
0032,8,86.45679728190105,59.86080932617188,0.0741628150802529,0.040030118583291,0.9739898414706034,121.763871421745,"HYPER_TL_ENS(n=5,lam_ens=False)",1.0,False,0.0,1.0
0032,9,185.865224202474,131.05914306640625,0.1026237958620805,0.089040766614145,0.9260891377281332,245.9288274996859,"HYPER_TL_ENS(n=5,lam_ens=False)",1.0,False,0.0,1.0
0032,10,184.54215494791663,142.3170166015625,0.0986370062370008,0.071323724206968,0.9147799500508352,234.64113251840683,"HYPER_TL_ENS(n=5,lam_ens=False)",1.0,False,0.0,1.0
0032,11,169.93129857381186,192.7525634765625,0.2059271597575685,0.1133787610565164,0.952367279260586,186.91084599180255,"HYPER_TL_ENS(n=5,lam_ens=False)",1.0,False,0.0,1.0
0032,12,163.9180908203125,137.25299072265625,0.1262005886369258,0.07981016035764,0.8938938001744515,210.19362633598385,"HYPER_TL_ENS(n=5,lam_ens=False)",1.0,False,0.0,1.0
0032,13,330.6160634358724,263.7550048828125,0.2283960907184888,0.1157549281663488,0.830208114520291,422.8309896929353,"HYPER_TL_ENS(n=5,lam_ens=False)",1.0,False,0.0,1.0
0032,14,182.85637283325195,137.83205795288086,0.2080038070259028,0.1084859490130327,0.9486235777094768,216.24557925182148,"HYPER_TL_ENS(n=5,lam_ens=False)",1.0,False,0.0,1.0
0032,15,124.25448099772136,88.0001220703125,0.1075329130894946,0.0674510174599807,0.9685491370981364,150.2072108329614,"HYPER_TL_ENS(n=5,lam_ens=False)",1.0,False,0.0,1.0
0032,16,190.4484723409017,193.66558837890625,0.2776707983133063,0.2295192749152706,0.9175028691552484,194.87112923750087,"HYPER_TL_ENS(n=5,lam_ens=False)",1.0,False,0.0,1.0
0032,17,147.53728230794272,125.31527709960938,0.0840726919809614,0.0659431048123214,0.9469533553618752,188.6470461525234,"HYPER_TL_ENS(n=5,lam_ens=False)",1.0,False,0.0,1.0
0032,18,180.5821736653646,110.21328735351562,0.1553060650779902,0.1513679997497363,0.9377779835438976,222.92698305186084,"HYPER_TL_ENS(n=5,lam_ens=False)",1.0,False,0.0,1.0
0032,19,129.85587946573892,123.88949584960938,0.2312395064067055,0.1266026618156563,0.9599285817118116,142.25840467132144,"HYPER_TL_ENS(n=5,lam_ens=False)",1.0,False,0.0,1.0
0032,20,174.7535603841146,162.38177490234375,0.1779171527051493,0.135910109641282,0.9345730524609112,198.8702605231953,"HYPER_TL_ENS(n=5,lam_ens=False)",1.0,False,0.0,1.0
0032,21,236.65267944335935,220.63333129882807,0.174755169392229,0.1507177868673231,0.8965989241699988,242.0359360554684,"HYPER_TL_ENS(n=5,lam_ens=False)",1.0,False,0.0,1.0
0032,22,158.38019307454428,64.78715515136719,0.1250655100916027,0.115317373196944,0.93537938005165,232.0750309271734,"HYPER_TL_ENS(n=5,lam_ens=False)",1.0,False,0.0,1.0
0032,23,264.475212097168,125.5272216796875,0.2041704797076721,0.0904111164432245,0.8406615625093551,393.21113880722186,"HYPER_TL_ENS(n=5,lam_ens=False)",1.0,False,0.0,1.0
0032,24,240.0726496378581,63.06331634521485,0.1742334937811385,0.1428701727874976,0.786217109088557,409.0989891179644,"HYPER_TL_ENS(n=5,lam_ens=False)",1.0,False,0.0,1.0
0032,25,192.75973765055335,193.68142700195312,0.1529966423380812,0.1353242662747438,0.9310886189344668,232.55391325156265,"HYPER_TL_ENS(n=5,lam_ens=False)",1.0,False,0.0,1.0
0032,26,196.02536010742188,141.0885009765625,0.2088272670978967,0.1527958189866647,0.9285501943674588,242.06158287822083,"HYPER_TL_ENS(n=5,lam_ens=False)",1.0,False,0.0,1.0
0032,27,277.8495686848958,187.7373046875,0.1980611508152887,0.1192912317036865,0.7684963130905242,403.3150247044968,"HYPER_TL_ENS(n=5,lam_ens=False)",1.0,False,0.0,1.0
0032,28,353.7969970703125,291.833984375,0.2177962785509367,0.1080889622004013,0.6824840469244071,477.122403518474,"HYPER_TL_ENS(n=5,lam_ens=False)",1.0,False,0.0,1.0
0032,29,80.59449259440105,90.83328247070312,0.0519649767120859,0.050626337305303,0.9816256020817228,89.3208920579252,"HYPER_TL_ENS(n=5,lam_ens=False)",1.0,False,0.0,1.0
0039,0,398.055908203125,327.176025390625,0.0927090337042951,0.0651106491825274,0.8086917263377411,453.2378063533831,"HYPER_TL_ENS(n=5,lam_ens=False)",1.0,False,0.0,1.0
0039,1,390.2703450520833,241.9873046875,0.1073577634467499,0.0678417819706402,0.8118045515654488,485.6499891333918,"HYPER_TL_ENS(n=5,lam_ens=False)",1.0,False,0.0,1.0
0039,2,516.0934244791666,410.212890625,0.1628059175744862,0.1176288576139181,0.7251137505154847,641.7239655270284,"HYPER_TL_ENS(n=5,lam_ens=False)",1.0,False,0.0,1.0
0039,3,137.895263671875,146.8162841796875,0.0425679685689187,0.0385609020854256,0.985529951896306,164.4107279508789,"HYPER_TL_ENS(n=5,lam_ens=False)",1.0,False,0.0,1.0
0039,4,353.55544026692706,285.7908935546875,0.0860528930361018,0.0760331255892849,0.899234429686028,432.2499135826936,"HYPER_TL_ENS(n=5,lam_ens=False)",1.0,False,0.0,1.0
0039,5,391.2518717447917,320.057861328125,0.1811590132415177,0.0907593321154865,0.9359846450092708,476.6164759310054,"HYPER_TL_ENS(n=5,lam_ens=False)",1.0,False,0.0,1.0
0039,6,701.1884155273438,613.6360473632812,0.2025663860034141,0.2425433127494864,0.5987087915654253,855.9946285089021,"HYPER_TL_ENS(n=5,lam_ens=False)",1.0,False,0.0,1.0
0039,7,401.2664794921875,394.0203857421875,0.1048973485464446,0.0859737901698274,0.9256625247401042,480.50585499280953,"HYPER_TL_ENS(n=5,lam_ens=False)",1.0,False,0.0,1.0
0039,8,389.9083658854167,340.32958984375,0.2141134176497871,0.0759003439451221,0.920875737024802,494.0120861641869,"HYPER_TL_ENS(n=5,lam_ens=False)",1.0,False,0.0,1.0
0039,9,336.186279296875,336.071533203125,0.0784405559161851,0.0666689370559894,0.9206228459408248,399.6616248163034,"HYPER_TL_ENS(n=5,lam_ens=False)",1.0,False,0.0,1.0
0039,10,221.78763834635416,207.6590576171875,0.0626147616124865,0.0496288529005937,0.9443920025049292,253.04614706420543,"HYPER_TL_ENS(n=5,lam_ens=False)",1.0,False,0.0,1.0
0039,11,574.1825154622396,566.1175537109375,0.2170023597022811,0.1425731601222356,0.8653813916649631,612.5111154740434,"HYPER_TL_ENS(n=5,lam_ens=False)",1.0,False,0.0,1.0
0039,12,366.0438639322917,319.28125,0.1062707330394485,0.0579748059387831,0.8437481108742417,454.1827182473222,"HYPER_TL_ENS(n=5,lam_ens=False)",1.0,False,0.0,1.0
0039,13,336.78594970703125,366.2359619140625,0.1195186276577745,0.1047319381224411,0.9548774077949326,375.15615312575903,"HYPER_TL_ENS(n=5,lam_ens=False)",1.0,False,0.0,1.0
0039,14,294.7545166015625,255.2530517578125,0.0725459763733179,0.0725653799046757,0.9409527257060752,325.95404094235886,"HYPER_TL_ENS(n=5,lam_ens=False)",1.0,False,0.0,1.0
0039,15,623.420654296875,512.593994140625,0.1709453130856739,0.1404463288535197,0.4501564552852377,817.4669560743256,"HYPER_TL_ENS(n=5,lam_ens=False)",1.0,False,0.0,1.0
0039,16,273.376708984375,191.33349609375,0.1061177878761064,0.071779349202745,0.9684175791534116,328.6610769926519,"HYPER_TL_ENS(n=5,lam_ens=False)",1.0,False,0.0,1.0
0039,17,337.1215413411458,276.541748046875,0.0797641023088533,0.0713777286406778,0.9151626094268784,387.6474652399718,"HYPER_TL_ENS(n=5,lam_ens=False)",1.0,False,0.0,1.0
0039,18,633.5333658854166,500.1285400390625,0.186493274257986,0.1124942274587825,0.512645273558769,758.6388733359062,"HYPER_TL_ENS(n=5,lam_ens=False)",1.0,False,0.0,1.0
0039,19,518.9688720703125,446.720458984375,0.1222995560643229,0.0994019591287375,0.6837565803567454,566.3630011300436,"HYPER_TL_ENS(n=5,lam_ens=False)",1.0,False,0.0,1.0
0039,20,429.3550415039063,229.880615234375,0.1459289865155475,0.0552334919177399,0.7582960328406756,688.4368162284458,"HYPER_TL_ENS(n=5,lam_ens=False)",1.0,False,0.0,1.0
0039,21,334.31005859375,264.234130859375,0.1247627623629254,0.0844780568323858,0.9374924327223776,402.8059335573173,"HYPER_TL_ENS(n=5,lam_ens=False)",1.0,False,0.0,1.0
0039,22,622.3991088867188,385.64599609375,0.1458270587550663,0.0957248527705299,0.668380399752368,801.9002765138929,"HYPER_TL_ENS(n=5,lam_ens=False)",1.0,False,0.0,1.0
0039,23,546.994140625,495.842529296875,0.1466111873064088,0.1195799001568962,0.4173885221265673,691.9090880373867,"HYPER_TL_ENS(n=5,lam_ens=False)",1.0,False,0.0,1.0
0039,24,603.2875162760416,468.1494140625,0.1374965467853027,0.118991742073989,0.4632138009342108,790.4006202552412,"HYPER_TL_ENS(n=5,lam_ens=False)",1.0,False,0.0,1.0
0039,25,453.3014729817708,360.47314453125,0.1094079529901359,0.0937624593804172,0.692684142790609,540.9272851446055,"HYPER_TL_ENS(n=5,lam_ens=False)",1.0,False,0.0,1.0
0039,26,356.5033569335937,346.9335327148437,0.1011659165397565,0.0851699644637093,0.910613485490842,384.7462459023982,"HYPER_TL_ENS(n=5,lam_ens=False)",1.0,False,0.0,1.0
0039,27,313.0480550130208,275.396728515625,0.079438294867731,0.0678475115091438,0.8909862098030841,378.53018238956906,"HYPER_TL_ENS(n=5,lam_ens=False)",1.0,False,0.0,1.0
0039,28,391.8705647786458,213.028564453125,0.1154766591638982,0.0778456259663482,0.7598091665882695,554.7600811515449,"HYPER_TL_ENS(n=5,lam_ens=False)",1.0,False,0.0,1.0
0039,29,286.68829345703125,218.387451171875,0.0758357248798966,0.0588792097318918,0.9321106339982976,357.5353320583706,"HYPER_TL_ENS(n=5,lam_ens=False)",1.0,False,0.0,1.0
0049,0,23.64989556206597,17.919952392578125,0.1068029695141077,0.1064952204167718,0.9702251784032055,31.03423761281674,"HYPER_TL_ENS(n=5,lam_ens=False)",1.0,False,0.0,1.0
0049,1,17.43608856201172,13.353515625,0.097775672930894,0.0764339453274119,0.9860165403675574,20.720723688710383,"HYPER_TL_ENS(n=5,lam_ens=False)",1.0,False,0.0,1.0
0049,2,16.07724931504991,11.34375,0.0623393854813543,0.0514595802684007,0.9812112369049488,22.155253901122297,"HYPER_TL_ENS(n=5,lam_ens=False)",1.0,False,0.0,1.0
0049,3,21.083186679416237,13.521743774414062,0.0903077135535959,0.0623754213975271,0.9258950912934129,29.204571028398245,"HYPER_TL_ENS(n=5,lam_ens=False)",1.0,False,0.0,1.0
0049,4,35.785408867730034,28.20860290527344,0.122966075739928,0.1232282981307939,0.936870575222077,44.15098491177844,"HYPER_TL_ENS(n=5,lam_ens=False)",1.0,False,0.0,1.0
0049,5,22.300928751627605,15.470458984375,0.0674183614184991,0.0713647895169767,0.9814383505435456,29.929866603082736,"HYPER_TL_ENS(n=5,lam_ens=False)",1.0,False,0.0,1.0
0049,6,20.434471130371094,12.120521545410156,0.0749022669685234,0.0614794890085856,0.9737518592816125,28.221470794373225,"HYPER_TL_ENS(n=5,lam_ens=False)",1.0,False,0.0,1.0
0049,7,15.83890151977539,9.117813110351562,0.1308218315239682,0.0689408958777337,0.9612964715320892,21.52774570044134,"HYPER_TL_ENS(n=5,lam_ens=False)",1.0,False,0.0,1.0
0049,8,24.574537489149307,20.01898193359375,0.1122543703954804,0.0828206158369896,0.9478362768052152,27.91498247555348,"HYPER_TL_ENS(n=5,lam_ens=False)",1.0,False,0.0,1.0
0049,9,34.55282508002387,15.982955932617188,0.1417576050271951,0.0850504051848613,0.8827757836381994,47.36943959104924,"HYPER_TL_ENS(n=5,lam_ens=False)",1.0,False,0.0,1.0
0049,10,22.973120795355904,7.919265747070312,0.0679542697127398,0.0721519411991762,0.9590173337734492,41.52390489538873,"HYPER_TL_ENS(n=5,lam_ens=False)",1.0,False,0.0,1.0
0049,11,18.97494655185276,21.189178466796875,0.1141301660205298,0.1009296857215704,0.9497575475884826,21.789013432277137,"HYPER_TL_ENS(n=5,lam_ens=False)",1.0,False,0.0,1.0
0049,12,18.281700981987846,19.352813720703125,0.1035876264154777,0.0621613154844653,0.9585117073051168,21.724644658682017,"HYPER_TL_ENS(n=5,lam_ens=False)",1.0,False,0.0,1.0
0049,13,25.53621504041884,21.651824951171875,0.1122151927965364,0.0888878062087482,0.9620785755452176,35.434232081317944,"HYPER_TL_ENS(n=5,lam_ens=False)",1.0,False,0.0,1.0
0049,14,12.829961988661024,11.46490478515625,0.067074434241155,0.0788986850792253,0.993815223231849,15.436273715271792,"HYPER_TL_ENS(n=5,lam_ens=False)",1.0,False,0.0,1.0
0049,15,19.619151645236546,19.463836669921875,0.085310529636909,0.0715294066853491,0.9796177045525232,22.7986598552144,"HYPER_TL_ENS(n=5,lam_ens=False)",1.0,False,0.0,1.0
0049,16,25.37743462456597,14.578399658203123,0.1240122175320633,0.0662743031657729,0.9277178549931762,31.28234303103305,"HYPER_TL_ENS(n=5,lam_ens=False)",1.0,False,0.0,1.0
0049,17,25.61053975423177,20.80865478515625,0.1116320640592687,0.1002923424602437,0.972198137932811,32.88921143398368,"HYPER_TL_ENS(n=5,lam_ens=False)",1.0,False,0.0,1.0
0049,18,15.19461907280816,10.261306762695312,0.0591458651567949,0.0509655330661759,0.9661395354078128,22.134636499949192,"HYPER_TL_ENS(n=5,lam_ens=False)",1.0,False,0.0,1.0
0049,19,17.94382052951389,15.35577392578125,0.0718592698773991,0.0504032522684744,0.9687523611872872,22.295985566623767,"HYPER_TL_ENS(n=5,lam_ens=False)",1.0,False,0.0,1.0
0049,20,36.50074217054579,22.14776611328125,0.1457138021437714,0.1145995961244993,0.9270419125276068,48.35142720325741,"HYPER_TL_ENS(n=5,lam_ens=False)",1.0,False,0.0,1.0
0049,21,23.73297119140625,16.212066650390625,0.0725777323100872,0.0735441229851186,0.9553309275411764,33.77280696586767,"HYPER_TL_ENS(n=5,lam_ens=False)",1.0,False,0.0,1.0
0049,22,20.3449215359158,17.684585571289062,0.0883731320944481,0.0870429064831395,0.8952259610006068,24.86305658056163,"HYPER_TL_ENS(n=5,lam_ens=False)",1.0,False,0.0,1.0
0049,23,24.24468485514323,16.245513916015625,0.0872481426002527,0.0779370959801885,0.977833862129212,30.742962720830203,"HYPER_TL_ENS(n=5,lam_ens=False)",1.0,False,0.0,1.0
0049,24,23.9422607421875,23.165771484375,0.1370395306506336,0.0931965788482202,0.9832059309713712,25.990316735672117,"HYPER_TL_ENS(n=5,lam_ens=False)",1.0,False,0.0,1.0
0049,25,30.992816501193577,14.596969604492188,0.0743179807040083,0.0666900145323377,0.9421820059548068,54.23333900586151,"HYPER_TL_ENS(n=5,lam_ens=False)",1.0,False,0.0,1.0
0049,26,16.434754265679253,11.1021728515625,0.1063077791665757,0.046662548104517,0.9741622186698972,21.444831125377068,"HYPER_TL_ENS(n=5,lam_ens=False)",1.0,False,0.0,1.0
0049,27,25.50951639811198,13.781295776367188,0.1076460774947982,0.0774933614848572,0.9605299512586308,33.686748524744225,"HYPER_TL_ENS(n=5,lam_ens=False)",1.0,False,0.0,1.0
0049,28,25.01310136583116,17.3797607421875,0.0969940203819993,0.0686733555726978,0.9733412760283428,34.60959633206923,"HYPER_TL_ENS(n=5,lam_ens=False)",1.0,False,0.0,1.0
0049,29,26.156687418619796,26.700851440429688,0.1723392300837778,0.0976327186205895,0.9793355844416692,32.21238278912957,"HYPER_TL_ENS(n=5,lam_ens=False)",1.0,False,0.0,1.0
0050,0,43.402649307250975,19.67755126953125,0.3032073789347165,0.0300164190516575,0.8964845254821284,63.44830726883031,"HYPER_TL_ENS(n=5,lam_ens=False)",1.0,False,0.0,1.0
0050,1,75.07242584228516,46.33514404296875,0.1539719668224928,0.0619516470509397,0.3912023245356917,105.73857606854224,"HYPER_TL_ENS(n=5,lam_ens=False)",1.0,False,0.0,1.0
0050,2,46.11697692871094,21.16903686523437,0.061497459569726,0.0298254051348567,0.8603030176737441,78.76156391014791,"HYPER_TL_ENS(n=5,lam_ens=False)",1.0,False,0.0,1.0
0050,3,59.64460754394531,23.0810546875,0.1067822935201652,0.0377023721397252,0.6476138709217786,89.14354046471993,"HYPER_TL_ENS(n=5,lam_ens=False)",1.0,False,0.0,1.0
0050,4,41.57645263671875,25.7020263671875,0.0854433627013286,0.0387992608083288,0.8474770574328827,59.39068756141462,"HYPER_TL_ENS(n=5,lam_ens=False)",1.0,False,0.0,1.0
0050,5,43.48513984680176,35.81695556640625,0.2407067451069032,0.064591398067193,0.9181150506239676,54.36118176451424,"HYPER_TL_ENS(n=5,lam_ens=False)",1.0,False,0.0,1.0
0050,6,24.415048599243164,20.519821166992188,0.1284466696586152,0.037889456788946,0.977056363081596,30.4528981224082,"HYPER_TL_ENS(n=5,lam_ens=False)",1.0,False,0.0,1.0
0050,7,59.228197479248045,24.056060791015625,0.4485052205500509,0.0392759417966442,0.6371724062046253,108.30567342146944,"HYPER_TL_ENS(n=5,lam_ens=False)",1.0,False,0.0,1.0
0050,8,57.540234375,23.172286987304688,0.3501667101958315,0.04706133274955,0.7607809011218867,89.13358970378245,"HYPER_TL_ENS(n=5,lam_ens=False)",1.0,False,0.0,1.0
0050,9,75.10003662109375,45.2464599609375,0.2603450413959401,0.0761970933245173,0.8211805392007863,112.09932136963978,"HYPER_TL_ENS(n=5,lam_ens=False)",1.0,False,0.0,1.0
0050,10,55.95386962890625,49.69770812988281,0.3214567026481473,0.0861380270865301,0.8585295829440539,74.10828410394195,"HYPER_TL_ENS(n=5,lam_ens=False)",1.0,False,0.0,1.0
0050,11,95.78467407226564,50.26213073730469,0.1273939338293179,0.099714500864346,0.5669223758670959,139.75968054030517,"HYPER_TL_ENS(n=5,lam_ens=False)",1.0,False,0.0,1.0
0050,12,71.78609695434571,52.29939270019531,0.2495768885085851,0.0958624718195505,0.873000207268269,99.325590315446,"HYPER_TL_ENS(n=5,lam_ens=False)",1.0,False,0.0,1.0
0050,13,43.49813575744629,12.29669189453125,0.4050758058708456,0.0173480158990805,0.8802227977284102,70.86673994478954,"HYPER_TL_ENS(n=5,lam_ens=False)",1.0,False,0.0,1.0
0050,14,70.83888473510743,45.052520751953125,0.452289698411528,0.0790430654288128,0.6634916612472679,110.27879197908511,"HYPER_TL_ENS(n=5,lam_ens=False)",1.0,False,0.0,1.0
0050,15,49.64130859375,36.6517333984375,0.2466392842140139,0.0516188654020822,0.923128266856531,67.52898298190873,"HYPER_TL_ENS(n=5,lam_ens=False)",1.0,False,0.0,1.0
0050,16,79.10662078857422,42.969970703125,0.2808048571118445,0.0702050852627837,0.6881213404746268,108.92347298079808,"HYPER_TL_ENS(n=5,lam_ens=False)",1.0,False,0.0,1.0
0050,17,92.03348007202148,43.477783203125,0.4845004141414109,0.0680954429128211,0.6940006761324279,147.48376641968963,"HYPER_TL_ENS(n=5,lam_ens=False)",1.0,False,0.0,1.0
0050,18,29.00106811523437,15.82855224609375,0.0463045974869972,0.0288784810033787,0.8544046879266509,40.52775515865948,"HYPER_TL_ENS(n=5,lam_ens=False)",1.0,False,0.0,1.0
0050,19,84.8834732055664,46.87200927734375,0.2559270925144076,0.0803061185747484,0.6331029600844316,130.79776076284867,"HYPER_TL_ENS(n=5,lam_ens=False)",1.0,False,0.0,1.0
0050,20,49.16999244689941,47.245025634765625,0.1296979925403261,0.0777981572838337,0.923591241307118,53.19322274993037,"HYPER_TL_ENS(n=5,lam_ens=False)",1.0,False,0.0,1.0
0050,21,55.06121826171875,24.30160522460937,0.083485401665036,0.0426542874122863,0.8378479492726973,91.31639379722044,"HYPER_TL_ENS(n=5,lam_ens=False)",1.0,False,0.0,1.0
0050,22,73.92291870117188,46.43917846679688,0.6511449179631719,0.0782148533518736,0.8029976542584674,107.85382618625393,"HYPER_TL_ENS(n=5,lam_ens=False)",1.0,False,0.0,1.0
0050,23,68.85226135253906,74.95597839355469,0.1070812428132327,0.0993599962070024,0.854901519593049,81.83712014873444,"HYPER_TL_ENS(n=5,lam_ens=False)",1.0,False,0.0,1.0
0050,24,68.73651657104492,35.65155029296875,0.6821896175209338,0.0525003316187789,0.8551666807361964,98.9745960729542,"HYPER_TL_ENS(n=5,lam_ens=False)",1.0,False,0.0,1.0
0050,25,55.61894226074219,29.4293212890625,0.3197472567557901,0.0521085971969529,0.9005460968316261,77.76169642434607,"HYPER_TL_ENS(n=5,lam_ens=False)",1.0,False,0.0,1.0
0050,26,85.99924545288086,27.75404357910156,0.7021626310571116,0.0511839029294489,0.6665272374713214,140.50596158682154,"HYPER_TL_ENS(n=5,lam_ens=False)",1.0,False,0.0,1.0
0050,27,42.78851051330567,16.537811279296875,0.3089380189646441,0.025560424499518,0.8916032722611448,67.5881169756308,"HYPER_TL_ENS(n=5,lam_ens=False)",1.0,False,0.0,1.0
0050,28,63.67274551391601,56.57632446289063,0.3783000399929591,0.087836568588619,0.8477548072510749,77.53679433191093,"HYPER_TL_ENS(n=5,lam_ens=False)",1.0,False,0.0,1.0
0050,29,68.95889625549316,38.64527893066406,0.6231898333353514,0.076548703203398,0.8344742747190704,99.1237993020296,"HYPER_TL_ENS(n=5,lam_ens=False)",1.0,False,0.0,1.0
0051,0,145.00738906860352,172.81536865234375,0.080771755117535,0.0755856690244547,0.9466334290344092,177.64929366267864,"HYPER_TL_ENS(n=5,lam_ens=False)",1.0,False,0.0,1.0
0051,1,188.10547637939453,163.4697265625,0.1808239947755213,0.1151478930616228,0.9352396423805946,215.348469882253,"HYPER_TL_ENS(n=5,lam_ens=False)",1.0,False,0.0,1.0
0051,2,236.70209884643555,138.39239501953125,0.2063794871755764,0.0864153881740182,0.860299592642505,348.3212073032291,"HYPER_TL_ENS(n=5,lam_ens=False)",1.0,False,0.0,1.0
0051,3,315.57937240600586,253.70843505859372,0.2239975399258031,0.1061748683906671,0.7058685809526857,450.8855257214518,"HYPER_TL_ENS(n=5,lam_ens=False)",1.0,False,0.0,1.0
0051,4,337.9291229248047,247.594970703125,0.3176216267405418,0.1338092214405373,0.7153323868251693,414.9772008709101,"HYPER_TL_ENS(n=5,lam_ens=False)",1.0,False,0.0,1.0
0051,5,174.3730411529541,90.32427978515624,0.0926742817067025,0.0742796642771273,0.9181666505071436,250.01045059712527,"HYPER_TL_ENS(n=5,lam_ens=False)",1.0,False,0.0,1.0
0051,6,147.45476531982422,89.42457580566406,0.1866483913189586,0.0783132276609006,0.9666738022648312,180.2962335761136,"HYPER_TL_ENS(n=5,lam_ens=False)",1.0,False,0.0,1.0
0051,7,104.52874374389648,95.77789306640624,0.1027589152933038,0.0633229939195826,0.9842283502905866,116.72588926364412,"HYPER_TL_ENS(n=5,lam_ens=False)",1.0,False,0.0,1.0
0051,8,135.34676361083984,101.38543701171876,0.0948015604256921,0.0836938360291118,0.956994194643314,169.68904253166363,"HYPER_TL_ENS(n=5,lam_ens=False)",1.0,False,0.0,1.0
0051,9,298.9008979797363,157.38104248046875,0.1764149568316361,0.0913727640254411,0.6660737857021604,449.3607895075143,"HYPER_TL_ENS(n=5,lam_ens=False)",1.0,False,0.0,1.0
0051,10,211.72749710083008,144.64849853515625,0.1262315010934389,0.1224016774546929,0.8847566527972545,266.412036658271,"HYPER_TL_ENS(n=5,lam_ens=False)",1.0,False,0.0,1.0
0051,11,242.51039695739743,193.7601318359375,0.1403846857130138,0.0964252625338634,0.817534448484641,322.8874799694945,"HYPER_TL_ENS(n=5,lam_ens=False)",1.0,False,0.0,1.0
0051,12,114.59298706054688,129.09381103515625,0.0724820262724986,0.0712480684987898,0.9728226125644212,140.02744438598583,"HYPER_TL_ENS(n=5,lam_ens=False)",1.0,False,0.0,1.0
0051,13,181.9221420288086,174.86964416503906,0.187154109516868,0.106200703512273,0.9478429555542212,208.53385596126907,"HYPER_TL_ENS(n=5,lam_ens=False)",1.0,False,0.0,1.0
0051,14,197.92257118225095,181.0577392578125,0.2252284253076014,0.1712507906168388,0.900813559923462,230.7021892556728,"HYPER_TL_ENS(n=5,lam_ens=False)",1.0,False,0.0,1.0
0051,15,264.49244689941406,125.87164306640624,0.2389320726611584,0.182944107667261,0.7133670944472974,410.2811256328775,"HYPER_TL_ENS(n=5,lam_ens=False)",1.0,False,0.0,1.0
0051,16,131.8993682861328,88.17169189453125,0.0751492143165886,0.0499795778559243,0.8859303200174443,208.5157521141488,"HYPER_TL_ENS(n=5,lam_ens=False)",1.0,False,0.0,1.0
0051,17,193.4734649658203,140.03155517578125,0.1240971719735064,0.1112192562367282,0.8720007458065755,241.3232980422665,"HYPER_TL_ENS(n=5,lam_ens=False)",1.0,False,0.0,1.0
0051,18,263.36487770080566,175.74560546875,0.1544427858663198,0.0765420003377094,0.70852504208324,398.1064531026024,"HYPER_TL_ENS(n=5,lam_ens=False)",1.0,False,0.0,1.0
0051,19,219.75035858154297,235.39749145507807,0.2015021083004512,0.1055233572065539,0.8816703312741049,267.7729827952585,"HYPER_TL_ENS(n=5,lam_ens=False)",1.0,False,0.0,1.0
0051,20,131.09489822387695,122.40882873535156,0.1064366476061275,0.0962833216543376,0.9426995812481328,169.6809482849374,"HYPER_TL_ENS(n=5,lam_ens=False)",1.0,False,0.0,1.0
0051,21,166.37992477416992,187.5340576171875,0.1669565054252424,0.0949314043874731,0.9481794141680536,192.21823487853237,"HYPER_TL_ENS(n=5,lam_ens=False)",1.0,False,0.0,1.0
0051,22,162.8922462463379,118.55438232421876,0.1213615746656488,0.0991452215036742,0.9185037547192476,226.244260280894,"HYPER_TL_ENS(n=5,lam_ens=False)",1.0,False,0.0,1.0
0051,23,169.36598587036133,111.10113525390624,0.0908555610600228,0.0769111750000809,0.9203408262386338,238.06617627499725,"HYPER_TL_ENS(n=5,lam_ens=False)",1.0,False,0.0,1.0
0051,24,149.26634407043457,168.2821044921875,0.1450860236435959,0.0679727475922656,0.9694153728889372,181.99055173705196,"HYPER_TL_ENS(n=5,lam_ens=False)",1.0,False,0.0,1.0
0051,25,240.73952102661133,94.26641845703124,0.1969442204787088,0.1252021273480333,0.7591544392633398,374.85437193574427,"HYPER_TL_ENS(n=5,lam_ens=False)",1.0,False,0.0,1.0
0051,26,99.0552864074707,104.55226135253906,0.1194366087453739,0.0736902407304956,0.9842790633378454,107.37216300630978,"HYPER_TL_ENS(n=5,lam_ens=False)",1.0,False,0.0,1.0
0051,27,168.51051712036133,164.42645263671875,0.0990401502863022,0.0763975863770001,0.9368520530876444,209.9576695800522,"HYPER_TL_ENS(n=5,lam_ens=False)",1.0,False,0.0,1.0
0051,28,146.54555892944336,149.80870056152344,0.146805626509743,0.0628978643975717,0.9577595387366892,171.52111535040862,"HYPER_TL_ENS(n=5,lam_ens=False)",1.0,False,0.0,1.0
0051,29,216.9044189453125,228.69964599609372,0.1821556490170243,0.1192379475434562,0.8993979531289646,239.5957657330464,"HYPER_TL_ENS(n=5,lam_ens=False)",1.0,False,0.0,1.0
0056,0,44.14064331054688,27.37250518798828,0.1477887099735194,0.0944338666848783,0.6601541363604175,63.15861757684819,"HYPER_TL_ENS(n=5,lam_ens=False)",1.0,False,0.0,1.0
0056,1,19.88690490722656,14.784866333007812,0.0652832095114321,0.0463823857304448,0.9385994929783628,25.519963278711643,"HYPER_TL_ENS(n=5,lam_ens=False)",1.0,False,0.0,1.0
0056,2,48.50851364135743,46.99171447753906,0.2249017778975389,0.0987271068318043,0.8352628368324606,56.2982400741964,"HYPER_TL_ENS(n=5,lam_ens=False)",1.0,False,0.0,1.0
0056,3,35.506517028808595,22.64288330078125,0.096408966887473,0.0857792110612899,0.7936973965928265,55.373279394302976,"HYPER_TL_ENS(n=5,lam_ens=False)",1.0,False,0.0,1.0
0056,4,50.41808471679688,51.42686462402344,0.1552938097043865,0.1397573827225422,0.7539431052099312,53.47121499142734,"HYPER_TL_ENS(n=5,lam_ens=False)",1.0,False,0.0,1.0
0056,5,30.40331039428711,24.652915954589844,0.1312046520411287,0.0815887645433499,0.940419343812292,34.97689840524249,"HYPER_TL_ENS(n=5,lam_ens=False)",1.0,False,0.0,1.0
0056,6,45.03938369750976,49.63092803955078,0.180016443777042,0.1858081621540328,0.8017663872968254,50.69426687645137,"HYPER_TL_ENS(n=5,lam_ens=False)",1.0,False,0.0,1.0
0056,7,42.20580291748047,41.39811706542969,0.1506330911810749,0.1223669747864044,0.669870794466173,52.11688092700589,"HYPER_TL_ENS(n=5,lam_ens=False)",1.0,False,0.0,1.0
0056,8,58.72421340942383,50.53177261352539,0.1941453063831677,0.1827542785936955,0.702537903801391,72.57616991131256,"HYPER_TL_ENS(n=5,lam_ens=False)",1.0,False,0.0,1.0
0056,9,31.42075271606445,30.22821044921875,0.107755350934147,0.0949844853061457,0.9149686136580054,34.399007923441886,"HYPER_TL_ENS(n=5,lam_ens=False)",1.0,False,0.0,1.0
0056,10,48.30012435913086,46.91334533691406,0.1797152777418537,0.1551184553401719,0.7958039994183198,57.619968194691424,"HYPER_TL_ENS(n=5,lam_ens=False)",1.0,False,0.0,1.0
0056,11,39.12149505615234,38.15840148925781,0.1340431966330293,0.1121573054311668,0.6678625061667959,45.72013129975357,"HYPER_TL_ENS(n=5,lam_ens=False)",1.0,False,0.0,1.0
0056,12,36.814202880859376,24.15145874023437,0.1484583838964395,0.0772860152827393,0.8229068259064326,47.061281921514905,"HYPER_TL_ENS(n=5,lam_ens=False)",1.0,False,0.0,1.0
0056,13,25.179533386230467,22.491439819335938,0.0799865568730147,0.0630331321065415,0.929631511761992,31.89955189904849,"HYPER_TL_ENS(n=5,lam_ens=False)",1.0,False,0.0,1.0
0056,14,29.308518981933595,21.3310546875,0.1131233650144111,0.0572753821626869,0.8686502711173938,37.73620810642317,"HYPER_TL_ENS(n=5,lam_ens=False)",1.0,False,0.0,1.0
0056,15,64.77023620605469,58.43964385986328,0.2188899065112484,0.2010807393432502,0.4729230716066422,81.68625323291303,"HYPER_TL_ENS(n=5,lam_ens=False)",1.0,False,0.0,1.0
0056,16,51.024365234375,45.93527221679688,0.1475488243477307,0.1496972214830907,0.7653435352916271,58.97492603815303,"HYPER_TL_ENS(n=5,lam_ens=False)",1.0,False,0.0,1.0
0056,17,32.71126861572266,26.442588806152344,0.0821633800372727,0.0704978225519759,0.8699759598002645,39.897365828612166,"HYPER_TL_ENS(n=5,lam_ens=False)",1.0,False,0.0,1.0
0056,18,35.57523193359375,33.44322204589844,0.1183679404078459,0.1276085097883452,0.7513416465096153,40.21343467602048,"HYPER_TL_ENS(n=5,lam_ens=False)",1.0,False,0.0,1.0
0056,19,46.36935119628906,36.08399963378906,0.1713781998299184,0.097400106232842,0.6872060548811625,54.857523655969736,"HYPER_TL_ENS(n=5,lam_ens=False)",1.0,False,0.0,1.0
0056,20,39.59509353637695,38.45829772949219,0.2379259424549778,0.111905245218692,0.8031492947332124,48.96302060611652,"HYPER_TL_ENS(n=5,lam_ens=False)",1.0,False,0.0,1.0
0056,21,45.304875183105466,50.25856018066406,0.1420928749654406,0.140313151771202,0.7913790517289676,51.3312815805064,"HYPER_TL_ENS(n=5,lam_ens=False)",1.0,False,0.0,1.0
0056,22,32.789617919921874,30.131317138671875,0.0986185731746133,0.1095816151943184,0.8318253697265062,39.08343185708608,"HYPER_TL_ENS(n=5,lam_ens=False)",1.0,False,0.0,1.0
0056,23,42.45334320068359,44.44166564941406,0.1443594492880524,0.1246142503347809,0.8171735022317613,53.74021267759758,"HYPER_TL_ENS(n=5,lam_ens=False)",1.0,False,0.0,1.0
0056,24,36.42785491943359,28.92534637451172,0.1338285488266297,0.1133810632969389,0.7494015522445872,45.3854800530177,"HYPER_TL_ENS(n=5,lam_ens=False)",1.0,False,0.0,1.0
0056,25,30.593354797363283,30.01459503173828,0.1086212929498316,0.0936679070735753,0.832419980823115,39.32796625176528,"HYPER_TL_ENS(n=5,lam_ens=False)",1.0,False,0.0,1.0
0056,26,27.410599517822263,32.28227996826172,0.132528480199844,0.0990830130551855,0.9385416390583208,33.020238352262496,"HYPER_TL_ENS(n=5,lam_ens=False)",1.0,False,0.0,1.0
0056,27,28.272310638427733,28.784957885742188,0.1337698843542642,0.0820734098121823,0.9312488821049586,32.04787134982662,"HYPER_TL_ENS(n=5,lam_ens=False)",1.0,False,0.0,1.0
0056,28,35.124514770507815,23.395851135253903,0.1324258656031527,0.0843719332848702,0.8803705921824524,43.69855191742983,"HYPER_TL_ENS(n=5,lam_ens=False)",1.0,False,0.0,1.0
0056,29,53.07019958496094,57.550048828125,0.1716234784270703,0.1578326153424897,0.6708734311057883,59.44215576703039,"HYPER_TL_ENS(n=5,lam_ens=False)",1.0,False,0.0,1.0
0057,0,68.46318986680772,69.04293823242188,0.3410667500094384,0.2795166547637075,0.4789972464747543,84.67080518208455,"HYPER_TL_ENS(n=5,lam_ens=False)",1.0,False,0.0,1.0
0057,1,58.78516642252604,29.06219482421875,0.2544888388367602,0.1808115719717692,0.7607039849291918,80.44635393914544,"HYPER_TL_ENS(n=5,lam_ens=False)",1.0,False,0.0,1.0
0057,2,48.03097703721788,32.36180114746094,0.2581882945427585,0.1134460893242866,0.8480002254645482,61.67194368792335,"HYPER_TL_ENS(n=5,lam_ens=False)",1.0,False,0.0,1.0
0057,3,58.61771816677518,77.78120422363281,0.3733955977958701,0.343132175317745,0.7413741255029465,71.70712840953203,"HYPER_TL_ENS(n=5,lam_ens=False)",1.0,False,0.0,1.0
0057,4,82.38899400499132,79.04855346679688,0.3793217604995312,0.3535898833872491,0.5358995639869663,91.85714865304055,"HYPER_TL_ENS(n=5,lam_ens=False)",1.0,False,0.0,1.0
0057,5,46.02140129937066,11.370864868164062,0.4166888315763036,0.0668481155799855,0.6610261806147204,79.85090633673894,"HYPER_TL_ENS(n=5,lam_ens=False)",1.0,False,0.0,1.0
0057,6,61.03730350070529,65.26406860351562,0.3332335211483699,0.199824787078697,0.6523955516722595,81.80786235049597,"HYPER_TL_ENS(n=5,lam_ens=False)",1.0,False,0.0,1.0
0057,7,50.4845225016276,63.4473876953125,0.2728517666089256,0.1689227546972572,0.8649574885147577,59.182350141894176,"HYPER_TL_ENS(n=5,lam_ens=False)",1.0,False,0.0,1.0
0057,8,78.14481438530817,101.60772705078124,0.3916758591091024,0.2849507288042626,0.681258308402651,87.18201786831112,"HYPER_TL_ENS(n=5,lam_ens=False)",1.0,False,0.0,1.0
0057,9,42.835459815131294,31.42465209960937,0.2844642646611379,0.1782092019455805,0.8610473577438037,50.12715270456974,"HYPER_TL_ENS(n=5,lam_ens=False)",1.0,False,0.0,1.0
0057,10,57.18230777316623,54.06422424316406,0.2979475771961424,0.3700072755570665,0.7976617628039218,66.93951397579765,"HYPER_TL_ENS(n=5,lam_ens=False)",1.0,False,0.0,1.0
0057,11,70.9312506781684,43.092803955078125,0.4098730569414398,0.2193131942763372,0.7053707957199495,84.98703726131417,"HYPER_TL_ENS(n=5,lam_ens=False)",1.0,False,0.0,1.0
0057,12,45.965394761827255,50.410186767578125,0.2026886885050731,0.2361357203941217,0.9218610574138184,48.25204272415422,"HYPER_TL_ENS(n=5,lam_ens=False)",1.0,False,0.0,1.0
0057,13,44.83515167236328,44.238426208496094,0.333784375974773,0.1452756132948413,0.8629631954885968,51.898026868058906,"HYPER_TL_ENS(n=5,lam_ens=False)",1.0,False,0.0,1.0
0057,14,71.2232437133789,58.85009765625,0.533804262370189,0.2590463647754827,0.729059267748442,87.36025482814998,"HYPER_TL_ENS(n=5,lam_ens=False)",1.0,False,0.0,1.0
0057,15,49.17929161919488,40.7093505859375,0.2536950140899383,0.1083848507039639,0.8491378471121369,64.21931014115329,"HYPER_TL_ENS(n=5,lam_ens=False)",1.0,False,0.0,1.0
0057,16,50.97368367513021,41.28258514404297,0.3044376254745634,0.1934400835833013,0.8669944936986156,61.73732391851534,"HYPER_TL_ENS(n=5,lam_ens=False)",1.0,False,0.0,1.0
0057,17,59.08870103624132,46.393646240234375,0.2798629533504399,0.1741340441407644,0.7483345756331039,72.84178980500889,"HYPER_TL_ENS(n=5,lam_ens=False)",1.0,False,0.0,1.0
0057,18,52.96687189737956,36.87911224365234,0.2538508829850846,0.1838084425627257,0.7430927618907051,65.84119474138042,"HYPER_TL_ENS(n=5,lam_ens=False)",1.0,False,0.0,1.0
0057,19,60.482916090223526,32.00115966796875,0.3099415558939263,0.1817564332254036,0.7613531281029923,78.42793711683207,"HYPER_TL_ENS(n=5,lam_ens=False)",1.0,False,0.0,1.0
0057,20,61.16563245985243,55.55699920654297,0.2951397601893847,0.1839004558299065,0.8210568493569029,70.51552689737532,"HYPER_TL_ENS(n=5,lam_ens=False)",1.0,False,0.0,1.0
0057,21,76.98226759168837,78.33682250976562,0.4269597399715836,0.2491635593901656,0.706303771319271,88.83136424428149,"HYPER_TL_ENS(n=5,lam_ens=False)",1.0,False,0.0,1.0
0057,22,67.18546719021268,58.912742614746094,0.2953836976609205,0.2211370494745585,0.800757395974591,80.14740217016879,"HYPER_TL_ENS(n=5,lam_ens=False)",1.0,False,0.0,1.0
0057,23,51.41502549913194,40.72191619873047,0.3403253373594128,0.1829167497837833,0.8389752474367075,67.53372672447898,"HYPER_TL_ENS(n=5,lam_ens=False)",1.0,False,0.0,1.0
0057,24,77.36252170138889,77.34161376953125,0.4829610854282468,0.2907711602429113,0.4997648444271085,87.10261123684356,"HYPER_TL_ENS(n=5,lam_ens=False)",1.0,False,0.0,1.0
0057,25,77.32010904947917,77.6544189453125,0.4584675347446851,0.2189764219470757,0.7302699934600863,88.38681405546488,"HYPER_TL_ENS(n=5,lam_ens=False)",1.0,False,0.0,1.0
0057,26,53.44984096950955,32.205421447753906,0.2673467580400404,0.2204983017116522,0.8181345478294595,70.40413613242437,"HYPER_TL_ENS(n=5,lam_ens=False)",1.0,False,0.0,1.0
0057,27,46.26622772216797,28.080650329589844,0.2209869785455736,0.225822893636825,0.7935062324005868,61.959798990679424,"HYPER_TL_ENS(n=5,lam_ens=False)",1.0,False,0.0,1.0
0057,28,44.4514405992296,40.88746643066406,0.2840903931152903,0.1807778387817749,0.8987128971666954,53.67205608911501,"HYPER_TL_ENS(n=5,lam_ens=False)",1.0,False,0.0,1.0
0057,29,72.5686543782552,62.839202880859375,0.3416885657922326,0.3129573939874618,0.7361460666057944,84.37188657327742,"HYPER_TL_ENS(n=5,lam_ens=False)",1.0,False,0.0,1.0
0060,0,11.548989868164062,5.835910797119141,0.112241395270673,0.0493928096258876,0.8064639733183846,16.96237665144756,"HYPER_TL_ENS(n=5,lam_ens=False)",1.0,False,0.0,1.0
0060,1,8.337217330932617,7.345123291015625,0.0829395904340566,0.0665955095745137,0.9392888001189564,9.51491305503046,"HYPER_TL_ENS(n=5,lam_ens=False)",1.0,False,0.0,1.0
0060,2,6.141724395751953,4.285861968994141,0.0729518559821432,0.039673873672943,0.9511911005814516,7.966344497175894,"HYPER_TL_ENS(n=5,lam_ens=False)",1.0,False,0.0,1.0
0060,3,12.59721908569336,7.486820220947266,0.1221207861219682,0.0661638927706879,0.8200871704998338,17.986042787519203,"HYPER_TL_ENS(n=5,lam_ens=False)",1.0,False,0.0,1.0
0060,4,9.478884887695312,6.3155364990234375,0.0893865250786468,0.0447936423261023,0.7954517524328233,14.769273789542725,"HYPER_TL_ENS(n=5,lam_ens=False)",1.0,False,0.0,1.0
0060,5,4.313021850585938,2.835975646972656,0.0414130549174713,0.0237445704879344,0.9593163468761796,5.426944920045481,"HYPER_TL_ENS(n=5,lam_ens=False)",1.0,False,0.0,1.0
0060,6,8.917223358154297,5.88751220703125,0.0800232755880704,0.051664613014641,0.910641902258678,14.469529821700355,"HYPER_TL_ENS(n=5,lam_ens=False)",1.0,False,0.0,1.0
0060,7,6.736462783813477,5.02386474609375,0.0859267829302704,0.0398460318377615,0.9383307250870702,8.396631965211691,"HYPER_TL_ENS(n=5,lam_ens=False)",1.0,False,0.0,1.0
0060,8,7.486057281494141,5.273632049560547,0.092033670919894,0.0427921434077704,0.9391715803486494,9.571562966431031,"HYPER_TL_ENS(n=5,lam_ens=False)",1.0,False,0.0,1.0
0060,9,8.562340545654298,6.600555419921875,0.0947292300922394,0.0587494454255199,0.9572892282265272,10.239607094143697,"HYPER_TL_ENS(n=5,lam_ens=False)",1.0,False,0.0,1.0
0060,10,18.185717010498045,7.398799896240234,0.1182793949481742,0.0776445453019099,0.8990351351323383,27.11579515028717,"HYPER_TL_ENS(n=5,lam_ens=False)",1.0,False,0.0,1.0
0060,11,11.64447784423828,5.329376220703125,0.0687388433252807,0.0555883257451503,0.9262734810809128,19.0503310494896,"HYPER_TL_ENS(n=5,lam_ens=False)",1.0,False,0.0,1.0
0060,12,10.506273651123047,7.684730529785156,0.0975189449348925,0.0695572487951602,0.9606970274803348,15.082062564881433,"HYPER_TL_ENS(n=5,lam_ens=False)",1.0,False,0.0,1.0
0060,13,9.424342727661132,4.092927932739258,0.07776180016315,0.0453830472530113,0.858988637519348,15.52002656636114,"HYPER_TL_ENS(n=5,lam_ens=False)",1.0,False,0.0,1.0
0060,14,7.073761749267578,7.969646453857422,0.0622980288240139,0.0640941783370093,0.9390072388382452,8.232350408231072,"HYPER_TL_ENS(n=5,lam_ens=False)",1.0,False,0.0,1.0
0060,15,9.295862197875977,9.400840759277344,0.1006517358741856,0.0711963876054507,0.9248822172422392,10.968088719433725,"HYPER_TL_ENS(n=5,lam_ens=False)",1.0,False,0.0,1.0
0060,16,8.039432144165039,5.603023529052734,0.0902758960703365,0.0502761611949247,0.8768279356079911,10.976826437302927,"HYPER_TL_ENS(n=5,lam_ens=False)",1.0,False,0.0,1.0
0060,17,13.008733367919922,8.5379638671875,0.1022213207038533,0.0905999096310539,0.93491644195302,17.84845493882046,"HYPER_TL_ENS(n=5,lam_ens=False)",1.0,False,0.0,1.0
0060,18,7.794138336181641,7.806354522705078,0.0778459411069515,0.0685267452240902,0.955962490134304,8.38578003371073,"HYPER_TL_ENS(n=5,lam_ens=False)",1.0,False,0.0,1.0
0060,19,17.341786575317382,8.477556228637695,0.0965445609830516,0.0836904168137224,0.9061103577070044,28.096986463558856,"HYPER_TL_ENS(n=5,lam_ens=False)",1.0,False,0.0,1.0
0060,20,10.153089141845705,4.137355804443359,0.0687822615599686,0.0468604788667287,0.871850071758291,16.9012349941651,"HYPER_TL_ENS(n=5,lam_ens=False)",1.0,False,0.0,1.0
0060,21,6.171942901611328,7.020988464355469,0.0560655050202096,0.057459399810295,0.920332642386612,7.201197623589439,"HYPER_TL_ENS(n=5,lam_ens=False)",1.0,False,0.0,1.0
0060,22,4.552499771118164,5.017105102539063,0.0554962824487135,0.0471132344819228,0.9893501384837023,5.004022070034218,"HYPER_TL_ENS(n=5,lam_ens=False)",1.0,False,0.0,1.0
0060,23,13.143752670288086,10.657245635986328,0.1180411789503456,0.0800387720758776,0.7142541729605927,15.86130237643188,"HYPER_TL_ENS(n=5,lam_ens=False)",1.0,False,0.0,1.0
0060,24,9.314093780517576,5.402610778808594,0.058483621528337,0.0517409703120849,0.9038324541475368,15.830245362991988,"HYPER_TL_ENS(n=5,lam_ens=False)",1.0,False,0.0,1.0
0060,25,17.62381057739258,12.550498962402344,0.1432523858740673,0.1093627741473107,0.8401935699487372,25.62751635469958,"HYPER_TL_ENS(n=5,lam_ens=False)",1.0,False,0.0,1.0
0060,26,10.46893768310547,8.291797637939453,0.1243782286726935,0.0864858038842083,0.9494523986816024,12.766641946233456,"HYPER_TL_ENS(n=5,lam_ens=False)",1.0,False,0.0,1.0
0060,27,8.842885971069336,8.2344970703125,0.1144266735790374,0.0508892501179244,0.9583377986405228,10.77174773334476,"HYPER_TL_ENS(n=5,lam_ens=False)",1.0,False,0.0,1.0
0060,28,9.390731048583984,9.79218292236328,0.1190491163445516,0.0764359784964342,0.9287955158829402,10.450026429140369,"HYPER_TL_ENS(n=5,lam_ens=False)",1.0,False,0.0,1.0
0060,29,13.858861541748048,10.279998779296877,0.0890681275625098,0.0874641188540112,0.931581259806341,18.555210323579185,"HYPER_TL_ENS(n=5,lam_ens=False)",1.0,False,0.0,1.0
0233,0,21.57359059651693,4.72100830078125,0.1090915149950908,0.0126794308685827,0.9179369574459842,46.17711083677457,"HYPER_TL_ENS(n=5,lam_ens=False)",1.0,False,0.0,1.0
0233,1,28.01119656032986,3.4739990234375,0.1250753037479005,0.0116539103309094,0.867242794045972,54.97196175041543,"HYPER_TL_ENS(n=5,lam_ens=False)",1.0,False,0.0,1.0
0233,2,28.612984551323784,3.034332275390625,0.127476815236608,0.0069903509289084,0.8604911132371525,54.38379806025316,"HYPER_TL_ENS(n=5,lam_ens=False)",1.0,False,0.0,1.0
0233,3,2.87162356906467,2.5892333984375,0.0101847287838085,0.0080476448786672,0.999541147463608,3.440761066509111,"HYPER_TL_ENS(n=5,lam_ens=False)",1.0,False,0.0,1.0
0233,4,8.264994303385416,6.389434814453125,0.03152091500572,0.0146419065717836,0.9949756443870892,11.679232104927342,"HYPER_TL_ENS(n=5,lam_ens=False)",1.0,False,0.0,1.0
0233,5,11.164595709906685,8.744232177734375,0.1487210184814485,0.0213838734053071,0.993405653907615,13.32197986296072,"HYPER_TL_ENS(n=5,lam_ens=False)",1.0,False,0.0,1.0
0233,6,6.58577134874132,7.1388092041015625,0.0239804911731359,0.021658689791565,0.9973005885617818,7.391987012258686,"HYPER_TL_ENS(n=5,lam_ens=False)",1.0,False,0.0,1.0
0233,7,4.212749905056423,3.2415771484375,0.0140020200868639,0.009249425855059,0.9989869535187302,5.277329460476649,"HYPER_TL_ENS(n=5,lam_ens=False)",1.0,False,0.0,1.0
0233,8,4.150503370496962,3.192474365234375,0.0130861152636281,0.0093626437397304,0.9984437185709092,5.463656945036437,"HYPER_TL_ENS(n=5,lam_ens=False)",1.0,False,0.0,1.0
0233,9,5.470609029134114,4.11138916015625,0.049930621541341,0.0089165381691851,0.9979217502962764,7.737335798404947,"HYPER_TL_ENS(n=5,lam_ens=False)",1.0,False,0.0,1.0
0233,10,11.246154891120064,3.37554931640625,0.0793982645625306,0.0140873590111699,0.9857275462830208,22.20400342051792,"HYPER_TL_ENS(n=5,lam_ens=False)",1.0,False,0.0,1.0
0233,11,13.34120093451606,2.64239501953125,0.0557331729262386,0.0073285258752544,0.9685663066063755,27.528663390937137,"HYPER_TL_ENS(n=5,lam_ens=False)",1.0,False,0.0,1.0
0233,12,8.389602661132812,1.51080322265625,0.068083214385582,0.0061298463755624,0.9897108492669374,16.713788747979923,"HYPER_TL_ENS(n=5,lam_ens=False)",1.0,False,0.0,1.0
0233,13,6.807289123535156,6.34893798828125,0.0207265643052833,0.0137389195709375,0.9969432875175204,8.842861585561625,"HYPER_TL_ENS(n=5,lam_ens=False)",1.0,False,0.0,1.0
0233,14,5.470968034532335,2.824676513671875,0.0741799458365795,0.0156950238402257,0.9978301534512524,7.612041229629486,"HYPER_TL_ENS(n=5,lam_ens=False)",1.0,False,0.0,1.0
0233,15,4.11403062608507,5.217620849609375,0.021957321554465,0.0115431371703056,0.9989280995240164,5.0173771038975215,"HYPER_TL_ENS(n=5,lam_ens=False)",1.0,False,0.0,1.0
0233,16,12.383196512858072,1.21759033203125,0.0381651160841874,0.0050818750161046,0.9767747906831992,24.45604201422292,"HYPER_TL_ENS(n=5,lam_ens=False)",1.0,False,0.0,1.0
0233,17,4.921257019042969,3.998626708984375,0.0182988098232827,0.019990033689317,0.9987006231746094,5.690289224545491,"HYPER_TL_ENS(n=5,lam_ens=False)",1.0,False,0.0,1.0
0233,18,11.549852159288196,2.63787841796875,0.0333722824923179,0.0165383901147773,0.9819990685038906,21.45129756583644,"HYPER_TL_ENS(n=5,lam_ens=False)",1.0,False,0.0,1.0
0233,19,7.4349365234375,4.3325042724609375,0.0246546775564207,0.0206397727683738,0.9945687054930188,10.438366992351009,"HYPER_TL_ENS(n=5,lam_ens=False)",1.0,False,0.0,1.0
0233,20,8.553061591254341,4.0198822021484375,0.0277109895042498,0.0158678288639401,0.9936443483403656,13.512179149017662,"HYPER_TL_ENS(n=5,lam_ens=False)",1.0,False,0.0,1.0
0233,21,11.020389133029514,5.2186279296875,0.0433012245727254,0.0120366914823183,0.9802802530739873,21.028156772361417,"HYPER_TL_ENS(n=5,lam_ens=False)",1.0,False,0.0,1.0
0233,22,14.646818372938368,11.863296508789062,0.0685713335153,0.0644697233494981,0.9751060375791256,20.514271274774877,"HYPER_TL_ENS(n=5,lam_ens=False)",1.0,False,0.0,1.0
0233,23,17.78235371907552,5.085319519042969,0.065230820688761,0.0439602308577746,0.9573273123496217,30.790560211868165,"HYPER_TL_ENS(n=5,lam_ens=False)",1.0,False,0.0,1.0
0233,24,8.868369208441841,1.779510498046875,0.0261883836299829,0.0144163672751295,0.9860287873691028,19.058518248907465,"HYPER_TL_ENS(n=5,lam_ens=False)",1.0,False,0.0,1.0
0233,25,2.790909661187066,1.9658966064453125,0.0092020834804077,0.0110070077996504,0.999539325050027,3.6528272527734256,"HYPER_TL_ENS(n=5,lam_ens=False)",1.0,False,0.0,1.0
0233,26,7.859018113878038,6.36376953125,0.0431673907915427,0.0152838504232886,0.9955108382848424,9.928469049040586,"HYPER_TL_ENS(n=5,lam_ens=False)",1.0,False,0.0,1.0
0233,27,5.760406494140625,5.784324645996094,0.0261345328412606,0.0192163580099617,0.997555202555412,7.293070496056837,"HYPER_TL_ENS(n=5,lam_ens=False)",1.0,False,0.0,1.0
0233,28,13.347051832411024,11.2259521484375,0.0525213089769801,0.0314611062104407,0.9858319923112072,16.872388143677888,"HYPER_TL_ENS(n=5,lam_ens=False)",1.0,False,0.0,1.0
0233,29,2.011500676472982,1.366363525390625,0.0326418959707532,0.0052610555959944,0.9997151256209702,2.7838654401111413,"HYPER_TL_ENS(n=5,lam_ens=False)",1.0,False,0.0,1.0
0255,0,12.28230751885308,7.995941162109375,0.0638277096824778,0.0435224314662606,0.9787533305756008,17.492574388014894,"HYPER_TL_ENS(n=5,lam_ens=False)",1.0,False,0.0,1.0
0255,1,8.849496629503038,5.118743896484375,0.0338477068721462,0.025983362791111,0.9901821215477604,11.276546520680752,"HYPER_TL_ENS(n=5,lam_ens=False)",1.0,False,0.0,1.0
0255,2,8.519392649332682,7.686248779296875,0.049123165167498,0.0308641707657144,0.9900581104528076,9.808434515797774,"HYPER_TL_ENS(n=5,lam_ens=False)",1.0,False,0.0,1.0
0255,3,3.704637739393446,3.08526611328125,0.0255992022569843,0.0102945155214529,0.9978461128704704,4.417067095616931,"HYPER_TL_ENS(n=5,lam_ens=False)",1.0,False,0.0,1.0
0255,4,6.395751953125,4.654815673828125,0.0221244486897614,0.0186885205528227,0.992947504252342,8.07843844387018,"HYPER_TL_ENS(n=5,lam_ens=False)",1.0,False,0.0,1.0
0255,5,11.70772933959961,2.63067626953125,0.0483021160704475,0.0242150018161739,0.9577586710985752,19.42682922896312,"HYPER_TL_ENS(n=5,lam_ens=False)",1.0,False,0.0,1.0
0255,6,10.92538113064236,10.82098388671875,0.0395908141630587,0.0339987436687793,0.961739849416676,15.148560994683235,"HYPER_TL_ENS(n=5,lam_ens=False)",1.0,False,0.0,1.0
0255,7,6.85416497124566,3.011505126953125,0.0274116406336476,0.0118376776698293,0.9744255067966509,9.651549434513802,"HYPER_TL_ENS(n=5,lam_ens=False)",1.0,False,0.0,1.0
0255,8,7.730314466688368,3.127304077148437,0.0293290590645276,0.0090884518659859,0.9777943525640772,12.261720708689994,"HYPER_TL_ENS(n=5,lam_ens=False)",1.0,False,0.0,1.0
0255,9,6.455285390218099,3.592498779296875,0.0324121367237546,0.0253555703797437,0.9937032074245004,9.567021184568056,"HYPER_TL_ENS(n=5,lam_ens=False)",1.0,False,0.0,1.0
0255,10,10.270321316189236,4.995849609375,0.0383841996257309,0.0220630513095953,0.96697624911025,14.07804547007294,"HYPER_TL_ENS(n=5,lam_ens=False)",1.0,False,0.0,1.0
0255,11,8.302324930826822,3.30987548828125,0.080195999059078,0.0127283317163461,0.9882298482732732,10.86296457123048,"HYPER_TL_ENS(n=5,lam_ens=False)",1.0,False,0.0,1.0
0255,12,6.094253540039063,5.959930419921875,0.0219487870956409,0.0143295110297869,0.991699900949948,8.055462647226937,"HYPER_TL_ENS(n=5,lam_ens=False)",1.0,False,0.0,1.0
0255,13,5.452349344889323,4.15716552734375,0.0281115142609841,0.0205474777104545,0.9934508923184068,7.530944534203276,"HYPER_TL_ENS(n=5,lam_ens=False)",1.0,False,0.0,1.0
0255,14,4.133060031467014,3.4033660888671875,0.0158010336454146,0.0138415732116535,0.991838848661134,5.033594100253109,"HYPER_TL_ENS(n=5,lam_ens=False)",1.0,False,0.0,1.0
0255,15,6.1596802605523004,3.497802734375,0.019967784020754,0.0106206436305002,0.9917881064556036,9.258081710129847,"HYPER_TL_ENS(n=5,lam_ens=False)",1.0,False,0.0,1.0
0255,16,9.713068644205729,3.7120513916015625,0.0329255008715921,0.0203261998872077,0.9464071107395612,16.046880862153305,"HYPER_TL_ENS(n=5,lam_ens=False)",1.0,False,0.0,1.0
0255,17,5.334062788221571,3.1915283203125,0.0393124755142301,0.012158203125,0.9959573263791672,6.74021139479978,"HYPER_TL_ENS(n=5,lam_ens=False)",1.0,False,0.0,1.0
0255,18,10.33387247721354,3.114166259765625,0.0399156902324569,0.0109491067847657,0.9555571329284352,17.833206890812406,"HYPER_TL_ENS(n=5,lam_ens=False)",1.0,False,0.0,1.0
0255,19,8.088153415256077,5.552398681640625,0.0287089987306863,0.0209712173799168,0.9836030709916452,9.805743167334528,"HYPER_TL_ENS(n=5,lam_ens=False)",1.0,False,0.0,1.0
0255,20,12.245834350585938,3.696868896484375,0.0438314293098655,0.014261887412099,0.9546851659986768,17.90268430518188,"HYPER_TL_ENS(n=5,lam_ens=False)",1.0,False,0.0,1.0
0255,21,16.575856526692707,11.446853637695312,0.065010068450034,0.0549696999493849,0.9256582943879436,23.04290219977824,"HYPER_TL_ENS(n=5,lam_ens=False)",1.0,False,0.0,1.0
0255,22,11.88058132595486,11.28936767578125,0.0404931431419016,0.0398509645717284,0.960432539395528,16.11144115789292,"HYPER_TL_ENS(n=5,lam_ens=False)",1.0,False,0.0,1.0
0255,23,10.55672370062934,2.19403076171875,0.0416711432713984,0.0095774491738601,0.9731446474532904,16.774813834928466,"HYPER_TL_ENS(n=5,lam_ens=False)",1.0,False,0.0,1.0
0255,24,4.098258124457465,3.889984130859375,0.0207561403177161,0.0119326584995472,0.9966332358567496,5.264359467629889,"HYPER_TL_ENS(n=5,lam_ens=False)",1.0,False,0.0,1.0
0255,25,4.006005605061849,3.35455322265625,0.0246332485154224,0.0118703225414209,0.997964556911472,4.726394062894674,"HYPER_TL_ENS(n=5,lam_ens=False)",1.0,False,0.0,1.0
0255,26,8.344627380371094,2.3193588256835938,0.0378165466450474,0.0213850401896686,0.975935042129674,14.53431169355811,"HYPER_TL_ENS(n=5,lam_ens=False)",1.0,False,0.0,1.0
0255,27,10.35923597547743,3.69329833984375,0.0398853797477502,0.0130689959663019,0.927792359042705,16.84988554005067,"HYPER_TL_ENS(n=5,lam_ens=False)",1.0,False,0.0,1.0
0255,28,5.84117677476671,3.22601318359375,0.0229615062025411,0.0215242634780229,0.9921864019780816,9.529338739083713,"HYPER_TL_ENS(n=5,lam_ens=False)",1.0,False,0.0,1.0
0255,29,7.939002990722656,6.307769775390625,0.0619066812620273,0.0160060181967886,0.988654668473133,11.151857176128576,"HYPER_TL_ENS(n=5,lam_ens=False)",1.0,False,0.0,1.0
0274,0,28.75411796569824,25.93267059326172,0.0752830100032541,0.0375568270158916,0.9838142274311988,32.27103797646265,"HYPER_TL_ENS(n=5,lam_ens=False)",1.0,False,0.0,1.0
0274,1,70.0888261795044,55.04576110839844,0.1430993674556441,0.1264955038735035,0.8736433502330787,87.88442339647158,"HYPER_TL_ENS(n=5,lam_ens=False)",1.0,False,0.0,1.0
0274,2,98.34807205200195,95.41618347167967,0.1900826162897028,0.1598574114290504,0.769065892006107,119.1082950353636,"HYPER_TL_ENS(n=5,lam_ens=False)",1.0,False,0.0,1.0
0274,3,52.03446102142334,36.53971862792969,0.1072541003846468,0.1177862572504118,0.9166837557793762,68.23212692033043,"HYPER_TL_ENS(n=5,lam_ens=False)",1.0,False,0.0,1.0
0274,4,67.64601039886475,46.25746154785156,0.1383796634527376,0.1449712835391815,0.9292835789949624,82.5808892526593,"HYPER_TL_ENS(n=5,lam_ens=False)",1.0,False,0.0,1.0
0274,5,66.62611389160156,45.68292236328125,0.1059786891727777,0.1074493459236328,0.8493739612706119,88.53676850147347,"HYPER_TL_ENS(n=5,lam_ens=False)",1.0,False,0.0,1.0
0274,6,72.35541152954102,59.63107299804688,0.1689554426363526,0.124088548921209,0.8541100294748053,81.13374409846348,"HYPER_TL_ENS(n=5,lam_ens=False)",1.0,False,0.0,1.0
0274,7,113.77996063232422,114.57656860351562,0.2224584298660436,0.1767031183967221,0.4999287142177794,137.82717015474148,"HYPER_TL_ENS(n=5,lam_ens=False)",1.0,False,0.0,1.0
0274,8,55.29326629638672,48.70680236816406,0.1001831008565816,0.1072577251404032,0.9206989733080284,61.53478525870011,"HYPER_TL_ENS(n=5,lam_ens=False)",1.0,False,0.0,1.0
0274,9,76.47509956359863,78.48564910888672,0.2062456469425653,0.0887592138387206,0.8869880407579323,94.2498465916408,"HYPER_TL_ENS(n=5,lam_ens=False)",1.0,False,0.0,1.0
0274,10,80.58794403076172,68.40072631835938,0.1264000931620112,0.1088778250988594,0.771909646472815,92.96467187859317,"HYPER_TL_ENS(n=5,lam_ens=False)",1.0,False,0.0,1.0
0274,11,73.10138320922852,59.72329711914063,0.1372273056069343,0.0694296727053142,0.8347686571167208,87.71109315810644,"HYPER_TL_ENS(n=5,lam_ens=False)",1.0,False,0.0,1.0
0274,12,85.94427490234375,86.40443420410156,0.1398007571002599,0.1304258162013749,0.8309789400069209,98.0029209102475,"HYPER_TL_ENS(n=5,lam_ens=False)",1.0,False,0.0,1.0
0274,13,75.41216087341309,67.77284622192383,0.2552235601568619,0.1607274282138707,0.9193023803052311,87.51418714554893,"HYPER_TL_ENS(n=5,lam_ens=False)",1.0,False,0.0,1.0
0274,14,68.27307796478271,63.33419799804688,0.1475757718941507,0.1347256657592967,0.8767945501836095,84.86594604887,"HYPER_TL_ENS(n=5,lam_ens=False)",1.0,False,0.0,1.0
0274,15,71.95775032043457,64.02671813964844,0.1528275852554996,0.1248365792338492,0.8780464925618894,83.08829354410041,"HYPER_TL_ENS(n=5,lam_ens=False)",1.0,False,0.0,1.0
0274,16,81.70331573486328,95.43307495117188,0.1155601333840973,0.1005617378258836,0.8363510027577458,95.78486928648628,"HYPER_TL_ENS(n=5,lam_ens=False)",1.0,False,0.0,1.0
0274,17,43.13203525543213,25.12715530395508,0.1057724369427245,0.0534365720098326,0.9414407210904204,65.61822918651389,"HYPER_TL_ENS(n=5,lam_ens=False)",1.0,False,0.0,1.0
0274,18,74.40505027770996,67.39517211914062,0.1826178340184445,0.1452203511643533,0.8695498679678846,91.90627137581474,"HYPER_TL_ENS(n=5,lam_ens=False)",1.0,False,0.0,1.0
0274,19,72.18825149536133,51.16795349121094,0.1172172322110396,0.1101773736548931,0.8506976398185868,87.58053961795825,"HYPER_TL_ENS(n=5,lam_ens=False)",1.0,False,0.0,1.0
0274,20,57.28275203704834,48.69488525390625,0.1153236754673092,0.1021294898785997,0.9310618339703624,74.48218141593078,"HYPER_TL_ENS(n=5,lam_ens=False)",1.0,False,0.0,1.0
0274,21,62.3167839050293,62.08061218261719,0.1247184042221003,0.1244953034491533,0.9048213440449464,68.73955240421695,"HYPER_TL_ENS(n=5,lam_ens=False)",1.0,False,0.0,1.0
0274,22,61.5870475769043,51.738525390625,0.0953357442220395,0.0840141421209756,0.8869544985934956,87.18016524367096,"HYPER_TL_ENS(n=5,lam_ens=False)",1.0,False,0.0,1.0
0274,23,62.2533073425293,47.250762939453125,0.1020803293158347,0.0732960596955521,0.9057136883636634,83.72738382631168,"HYPER_TL_ENS(n=5,lam_ens=False)",1.0,False,0.0,1.0
0274,24,86.4088249206543,88.95697021484375,0.1586469206634952,0.131044627305196,0.8523028445992764,103.60790416298649,"HYPER_TL_ENS(n=5,lam_ens=False)",1.0,False,0.0,1.0
0274,25,52.77558898925781,41.59785461425781,0.0975997103517491,0.0728873619041007,0.9180646723002058,63.32111001119375,"HYPER_TL_ENS(n=5,lam_ens=False)",1.0,False,0.0,1.0
0274,26,44.46320343017578,35.079803466796875,0.0857354789730913,0.0716395325094086,0.9414022776941454,51.807483665566735,"HYPER_TL_ENS(n=5,lam_ens=False)",1.0,False,0.0,1.0
0274,27,68.85100269317627,58.29704284667969,0.1402129664415107,0.1268701384783895,0.9222413599693078,76.31054775295536,"HYPER_TL_ENS(n=5,lam_ens=False)",1.0,False,0.0,1.0
0274,28,62.6276969909668,66.99090576171875,0.1008883238971862,0.1103745580091102,0.8891060558179473,75.50032030952306,"HYPER_TL_ENS(n=5,lam_ens=False)",1.0,False,0.0,1.0
0274,29,63.51347732543945,66.99998474121094,0.0984167003526428,0.1226014856589091,0.8888168214950446,73.88405701426416,"HYPER_TL_ENS(n=5,lam_ens=False)",1.0,False,0.0,1.0
0275,0,35.350857734680176,31.076171875,0.0402858077029918,0.0366103986015248,0.9774088884676596,44.03290132302559,"HYPER_TL_ENS(n=5,lam_ens=False)",1.0,False,0.0,1.0
0275,1,60.22769546508789,70.33177185058594,0.1599412622869336,0.0970859950936513,0.9523607503279332,67.53269470820621,"HYPER_TL_ENS(n=5,lam_ens=False)",1.0,False,0.0,1.0
0275,2,65.4728889465332,42.74977111816406,0.0802392413882927,0.0669365909673376,0.8614681542692733,89.92822641386398,"HYPER_TL_ENS(n=5,lam_ens=False)",1.0,False,0.0,1.0
0275,3,90.38134765625,63.147369384765625,0.2269610746077485,0.1275741499557648,0.8509809819427785,120.13191928624958,"HYPER_TL_ENS(n=5,lam_ens=False)",1.0,False,0.0,1.0
0275,4,144.62035369873047,134.4608154296875,0.1691922939171446,0.1502008545253769,0.4252449560486262,188.0349070978699,"HYPER_TL_ENS(n=5,lam_ens=False)",1.0,False,0.0,1.0
0275,5,91.80805206298828,83.60690307617188,0.1229477719684971,0.107904586331643,0.7089549229096731,109.27672740276036,"HYPER_TL_ENS(n=5,lam_ens=False)",1.0,False,0.0,1.0
0275,6,92.01809501647948,56.53235626220703,0.2292520668423446,0.0874231762974591,0.8445708160791464,127.1876317268783,"HYPER_TL_ENS(n=5,lam_ens=False)",1.0,False,0.0,1.0
0275,7,98.82135772705078,83.1334228515625,0.1926661707892072,0.0926788877593982,0.5880453047659715,131.3667205632828,"HYPER_TL_ENS(n=5,lam_ens=False)",1.0,False,0.0,1.0
0275,8,67.48037719726562,55.10160827636719,0.0860397587058798,0.0808820656565087,0.8651883152823071,83.15729558996138,"HYPER_TL_ENS(n=5,lam_ens=False)",1.0,False,0.0,1.0
0275,9,67.9072322845459,24.3251953125,0.195032538191258,0.02709450378355,0.9041066914146062,99.53492543327664,"HYPER_TL_ENS(n=5,lam_ens=False)",1.0,False,0.0,1.0
0275,10,95.88912200927734,61.1207275390625,0.1725351461819,0.0642586001134502,0.6565142593976039,135.33401789829588,"HYPER_TL_ENS(n=5,lam_ens=False)",1.0,False,0.0,1.0
0275,11,51.0034408569336,37.234771728515625,0.0765692937591981,0.0498658914754324,0.8970270855087407,64.91143601767227,"HYPER_TL_ENS(n=5,lam_ens=False)",1.0,False,0.0,1.0
0275,12,65.71559619903564,42.881927490234375,0.1247353501026504,0.0666409138643232,0.9458313111673026,77.86028243407118,"HYPER_TL_ENS(n=5,lam_ens=False)",1.0,False,0.0,1.0
0275,13,78.63148021697998,82.31517028808594,0.13190897719146,0.157718160025055,0.916348533491347,97.1150139012849,"HYPER_TL_ENS(n=5,lam_ens=False)",1.0,False,0.0,1.0
0275,14,68.0851354598999,76.13468933105469,0.0934869868251857,0.1088651583955226,0.916895821005106,83.17662271842656,"HYPER_TL_ENS(n=5,lam_ens=False)",1.0,False,0.0,1.0
0275,15,45.27672958374024,35.55561828613281,0.0603753336905715,0.0641497466973457,0.9349288185981725,56.98060710434127,"HYPER_TL_ENS(n=5,lam_ens=False)",1.0,False,0.0,1.0
0275,16,60.58042526245117,62.87287902832031,0.0727543684162562,0.0805054034798569,0.8920457546194944,75.82321480691085,"HYPER_TL_ENS(n=5,lam_ens=False)",1.0,False,0.0,1.0
0275,17,44.95211791992188,34.178680419921875,0.0606743475063209,0.042616824560914,0.9144968319221528,58.133323722745175,"HYPER_TL_ENS(n=5,lam_ens=False)",1.0,False,0.0,1.0
0275,18,137.27187538146973,132.46887969970703,0.2828250822799515,0.2206650809083056,0.7097642515199307,154.6965311646554,"HYPER_TL_ENS(n=5,lam_ens=False)",1.0,False,0.0,1.0
0275,19,78.05611038208008,78.750732421875,0.0997380079023229,0.0932512733614823,0.8452050927422956,84.83030299064048,"HYPER_TL_ENS(n=5,lam_ens=False)",1.0,False,0.0,1.0
0275,20,39.65591430664063,32.593109130859375,0.0628851578801413,0.0332880762303525,0.9599451066426172,48.50409129609492,"HYPER_TL_ENS(n=5,lam_ens=False)",1.0,False,0.0,1.0
0275,21,38.8882064819336,35.55181884765625,0.0545251479821647,0.0540257299487701,0.970485953935443,43.61061299758932,"HYPER_TL_ENS(n=5,lam_ens=False)",1.0,False,0.0,1.0
0275,22,58.76756286621094,59.9561767578125,0.0985091866978183,0.0685520315132801,0.954289136349864,64.8914281908699,"HYPER_TL_ENS(n=5,lam_ens=False)",1.0,False,0.0,1.0
0275,23,108.14133071899414,72.14633178710938,0.1381158126457015,0.1351384758166048,0.6784994836010642,127.06943483315656,"HYPER_TL_ENS(n=5,lam_ens=False)",1.0,False,0.0,1.0
0275,24,116.50007247924805,76.21296691894531,0.1619320350618556,0.1279736475082702,0.7076464582537791,147.94797684412998,"HYPER_TL_ENS(n=5,lam_ens=False)",1.0,False,0.0,1.0
0275,25,75.83030319213867,67.34747314453125,0.0977765344709664,0.1056920266005879,0.8351292649762072,88.46236030659367,"HYPER_TL_ENS(n=5,lam_ens=False)",1.0,False,0.0,1.0
0275,26,114.26123428344728,102.99246215820312,0.2408295707683476,0.1458549544512401,0.7566974212774085,144.56781809494336,"HYPER_TL_ENS(n=5,lam_ens=False)",1.0,False,0.0,1.0
0275,27,76.85762596130371,73.27638244628906,0.1951734262766405,0.1132432096861033,0.9195399086174542,90.31308987054832,"HYPER_TL_ENS(n=5,lam_ens=False)",1.0,False,0.0,1.0
0275,28,88.60985565185547,78.01962280273438,0.1661952123513661,0.0867017924621644,0.7531453755683215,121.0983718490515,"HYPER_TL_ENS(n=5,lam_ens=False)",1.0,False,0.0,1.0
0275,29,88.11907958984375,66.33822631835938,0.101652107103117,0.0909418322497851,0.6289574075866213,109.55635190147144,"HYPER_TL_ENS(n=5,lam_ens=False)",1.0,False,0.0,1.0
0276,0,39.858659744262695,35.018829345703125,0.1301657892347244,0.0585013508917325,0.960735486600262,47.04653364277571,"HYPER_TL_ENS(n=10,lam_ens=False)",1.0,False,0.0,1.0
0276,1,56.21492385864258,37.73297119140625,0.1216004419682522,0.0980466235649684,0.9055502299886417,73.54349344669944,"HYPER_TL_ENS(n=10,lam_ens=False)",1.0,False,0.0,1.0
0276,2,45.73011779785156,30.050994873046875,0.0766617070346445,0.0496099424607671,0.9298359445828804,58.27832080644639,"HYPER_TL_ENS(n=10,lam_ens=False)",1.0,False,0.0,1.0
0276,3,72.27938652038574,46.92694091796875,0.1432170872114988,0.0836000205218955,0.8303058531986095,95.27712321513005,"HYPER_TL_ENS(n=10,lam_ens=False)",1.0,False,0.0,1.0
0276,4,39.18993377685547,23.78475952148437,0.0640923340424197,0.027590749617031,0.9487264879030682,55.89816118123286,"HYPER_TL_ENS(n=10,lam_ens=False)",1.0,False,0.0,1.0
0276,5,57.82199668884277,13.69635009765625,0.0991119215944349,0.0211769179221433,0.8790113947205964,86.68604344129506,"HYPER_TL_ENS(n=10,lam_ens=False)",1.0,False,0.0,1.0
0276,6,45.65854072570801,24.280799865722656,0.1440385172426841,0.03313329800328,0.901796766432301,73.27976343568484,"HYPER_TL_ENS(n=10,lam_ens=False)",1.0,False,0.0,1.0
0276,7,63.30385971069336,39.71406555175781,0.1510799856085618,0.0617501222139262,0.7859449047913558,84.96858195823131,"HYPER_TL_ENS(n=10,lam_ens=False)",1.0,False,0.0,1.0
0276,8,66.35453987121582,55.18364715576172,0.1280313323901372,0.1104398541288075,0.8346023381880874,81.65357956047616,"HYPER_TL_ENS(n=10,lam_ens=False)",1.0,False,0.0,1.0
0276,9,77.1202621459961,47.33317565917969,0.1466400358100998,0.086417268385557,0.7907924170768379,100.50434160919768,"HYPER_TL_ENS(n=10,lam_ens=False)",1.0,False,0.0,1.0
0276,10,80.4818000793457,79.72238159179688,0.1542070128024956,0.108506815146449,0.7643728762360233,94.6863304354072,"HYPER_TL_ENS(n=10,lam_ens=False)",1.0,False,0.0,1.0
0276,11,48.16260528564453,34.65313720703125,0.0940214895411145,0.0459043252748501,0.9094650450948644,65.79226933466325,"HYPER_TL_ENS(n=10,lam_ens=False)",1.0,False,0.0,1.0
0276,12,86.13134384155273,92.18234252929688,0.2168033428415576,0.1288745436749969,0.8486680287976607,108.72077884390303,"HYPER_TL_ENS(n=10,lam_ens=False)",1.0,False,0.0,1.0
0276,13,73.13422393798828,70.71371459960938,0.1958468820710893,0.1066559508246415,0.9006004899384658,90.1630800243836,"HYPER_TL_ENS(n=10,lam_ens=False)",1.0,False,0.0,1.0
0276,14,78.37734031677246,78.09817504882812,0.1999293599614768,0.1267065427946221,0.8618730804484389,83.39965517786446,"HYPER_TL_ENS(n=10,lam_ens=False)",1.0,False,0.0,1.0
0276,15,59.74874496459961,39.73078918457031,0.1024092423206352,0.0864711222324559,0.8916712228272098,78.19249836132063,"HYPER_TL_ENS(n=10,lam_ens=False)",1.0,False,0.0,1.0
0276,16,50.71515655517578,43.33755493164063,0.0753798644072365,0.0680148117880243,0.933129242310145,61.14588541341383,"HYPER_TL_ENS(n=10,lam_ens=False)",1.0,False,0.0,1.0
0276,17,35.362186431884766,30.523101806640625,0.072387130109896,0.0474109316991699,0.9639658863614092,40.816874574750415,"HYPER_TL_ENS(n=10,lam_ens=False)",1.0,False,0.0,1.0
0276,18,53.38064193725586,29.555908203125,0.1103835255332856,0.0771921697569121,0.8800772989951633,71.26953479462149,"HYPER_TL_ENS(n=10,lam_ens=False)",1.0,False,0.0,1.0
0276,19,76.38224411010742,57.26008605957031,0.1227541792343153,0.1210015315885169,0.8254441451835159,86.16510682923901,"HYPER_TL_ENS(n=10,lam_ens=False)",1.0,False,0.0,1.0
0276,20,44.37093353271485,36.94970703125,0.0658235800726044,0.0543728578438715,0.92555948982725,56.37697455618306,"HYPER_TL_ENS(n=10,lam_ens=False)",1.0,False,0.0,1.0
0276,21,102.8673973083496,87.25567626953125,0.1877588199039142,0.1507148458685787,0.7162521861419003,122.8243262770186,"HYPER_TL_ENS(n=10,lam_ens=False)",1.0,False,0.0,1.0
0276,22,78.45419120788574,72.65533447265625,0.1352561796832855,0.1394497255547525,0.8832743506238021,87.0259109960006,"HYPER_TL_ENS(n=10,lam_ens=False)",1.0,False,0.0,1.0
0276,23,71.56393051147461,77.61355590820312,0.1145857414811641,0.1361140950469554,0.872308348900561,81.10079925826979,"HYPER_TL_ENS(n=10,lam_ens=False)",1.0,False,0.0,1.0
0276,24,62.10723876953125,56.00755310058594,0.1035913413688862,0.0856433325378774,0.9053973528695128,70.42516129346463,"HYPER_TL_ENS(n=10,lam_ens=False)",1.0,False,0.0,1.0
0276,25,48.61599349975586,39.19342041015625,0.0836546304713211,0.0899689054890755,0.9078092391380376,63.06923144980666,"HYPER_TL_ENS(n=10,lam_ens=False)",1.0,False,0.0,1.0
0276,26,78.56070709228516,67.01396179199219,0.1860179902148716,0.1142900945350869,0.8151287271461036,93.24290759479533,"HYPER_TL_ENS(n=10,lam_ens=False)",1.0,False,0.0,1.0
0276,27,47.88056755065918,37.623680114746094,0.0992190614783316,0.0836897052801357,0.9470341933644196,61.6787902849956,"HYPER_TL_ENS(n=10,lam_ens=False)",1.0,False,0.0,1.0
0276,28,60.47011947631836,37.358306884765625,0.1328671524067946,0.053465989690969,0.8629226003856532,82.28044937490101,"HYPER_TL_ENS(n=10,lam_ens=False)",1.0,False,0.0,1.0
0276,29,76.18374443054199,50.22320556640625,0.1318055367218119,0.0714754644983273,0.7845334883204645,96.81818933281174,"HYPER_TL_ENS(n=10,lam_ens=False)",1.0,False,0.0,1.0
